email_id,username,first_name,last_name
boomzilla@optonline.net,tuttonortolan,Shira,Sligh
aaribaud@icloud.com,unrivaledcatacomb,Josiah,Bradshaw
hillct@sbcglobal.net,peacrows,Troy,Hirsch
miyop@optonline.net,contentcampfire,Ludie,Striegel
gerlo@aol.com,marvelflavored,Loretta,Soto
bhima@hotmail.com,suggestionclumsy,Lulu,Telesco
mnemonic@aol.com,shellgamey,Idell,Donoho
janusfury@aol.com,norfolksmokestack,Serita,Dunavant
matthijs@mac.com,lobowoodchuck,Eleanora,Huguley
agapow@me.com,humidestrogen,Doug,Utsey
rohitm@aol.com,bowlinginspector,Dannie,Hoffmeister
fmtbebuck@hotmail.com,hurrysidney,Kyoko,Carnell
keutzer@icloud.com,yearningjaunt,Jesse,Otwell
mcast@me.com,monthunseeing,Stuart,Ash
kayvonf@verizon.net,penguinargument,Janene,Corbin
sinclair@yahoo.ca,germprooftwenty,Gabriel,Maglio
heckerman@yahoo.ca,conflictshale,Ramonita,Dumont
citizenl@live.com,wackygrating,Marlyn,Konkol
hling@aol.com,phoninesscareen,Donald,Beller
dieman@att.net,fizzimportant,Brittaney,Mattice
